功能类型,接口/配置字段,,配置名,接口/配置说明,,参数,参数使用注意说明（仅供内部参考，给客户时需要去掉此列）,参数说明,影响,可选配置,,默认值,,"特殊要求
（内部评审时不要删掉该列）",合唱主播/单唱主播/语聊主持人,,麦上普通语聊主播,,麦下观众,,备注（仅供内部参考，给客户时需要去掉此列）,配置原因,"兼容性考量
（仅供内部参考，给客户时需要去掉此列）",友商配置（如果涉及多家，都列出来）
,,,,,,,,,,,,Android,iOS,,Android,iOS,Android,iOS,Android,iOS,,,,
隐藏配置,setEngineConfig,"engineConfig.advancedConfig.put(""max_channels"", ""xxx"")",设置拉流最大通道数,SDK拉流数上限配置,,int,"通过 setConfig 设置最大拉流数量，目前最大拉流数量为 50 路。最大拉流设置设置的时候需要注意，由于引擎的初始化就申请好空间的，所以路数越多，初始化是内存增量越大。
如果是自动拉流逻辑，那么需要比客户要求的最大拉流数量要大4～6 路，避免异常原因导致流的残留进而占有了一个通道。",最大拉流数,拉流,0 ~ 50,,12,,,25,25,25,25,25,25,"当前业务实际配置
 代码上可以不需要配置",,\,
,,"engineConfig.advancedConfig.put(""prep_high_pass_filter"", ""xxx"")",高通滤波器开关,高通滤波器开关,,true/false,"一般情况下，正常通话的情况下，采集到的声音都是在一定的频率范围之内。当低于一定阈值的声音，我们认为是 50HZ，我们可以认为是杂音。高通滤波主要的作用就是过滤掉低于该范围的内容，保证通话质量。但是对于采集声音包含音乐的，这个过滤就会损伤音质。

有音乐通过采集输入的场景，如声卡输入，需要主动关闭高通滤波。",开关,音质,开/关,,开,,,"""false""","""false""","""false""","""false""","""false""","""false""",可以统一设置，无需区分角色,,\,
,,"engineConfig.advancedConfig.put(""ultra_low_latency"", ""xxx"")",超低延时模式开关,超低延时模式开关,,true/false,"【全平台】
会调整 jitter 水位变化的策略，使之更加激进。导致的影响就是当网络波动的时候，除非快进和慢放的概率更高，并且快进和慢放的效果会更加明显。

【只针对 Android】
内部会根据经验选择合适的采集渲染API来达到最低的采集渲染延迟。一般采集渲染延迟在 120ms 左右才能勉强满足合唱的需求。
⚠️使用注意事项：由于最低延迟采集渲染 API 组合可能随着系统版本或者 SDK 内部策略进行调整，必然的引入兼容性的问题，不满足的场景不能使用。
1、对于音频端到端延迟有极致的要求的，如实时合唱场景，必须要打开该功能。
2、对于音乐场景，客户对耳返有极致要求的，此时也可以打开该配置。",开关,延迟,开/关,,关,,,"""true""","""true""","""true""","""true""","""true""","""true""",,,\,
,,"engineConfig.advancedConfig.put(""enable_earphone_aec_adaptive"", ""xxx"")",戴耳机自适应回声消除开关,戴耳机自适应回声消除开关,,true/false,"正常情况下，为了避免线路回声，保证通话质量，戴耳机的时候引擎也会进行回声消除处理。由于全程都使用回声消除，当人声和伴奏播放的声音（参考信号）略微接近的情况，就可能会消除操作，导致人声的损伤。
打开该功能后，引擎会在带耳机的情况下，进行线路回声的识别判断，当发现没有线路回声，则不进行回声消除，保证人声质量。

1、在音乐场景，都需要打开该配置。",开关,音质,开/关,,关,,,"""true""","""true""","""true""","""true""","""true""","""true""",,,\,
,,"engineConfig.advancedConfig.put(""bluetooth_capture_only_voip"", ""xxx"")",媒体音量下蓝牙设备仅播放开关,媒体音量下蓝牙设备仅用于播放开关,,true/false,"蓝牙耳机区分两种工作模式，单工模式和双工模式。
单工模式：只播放，不能采集，采集使用手机只带麦克风，只能使用媒体音量模式。
双工模式：即采集又播放，这种模式下只能使用通话音量模式。通话音量模式下，系统采集将走系统 3A，此时会引入明显的采集延迟；同时蓝牙耳机双工的情况下，由于协议的原因，传输的码率有限（看蓝牙耳机价格），播放音质会有明显的下降。

1、音乐场景，只要存在既采集又播放的情况，都建议关闭该功能。",开关,音质/耳返延迟,开/关,,关,关,,"""true""","""true""","""true""","""true""","""true""","""true""",音乐场景，只要存在既采集又播放的情况，都建议关闭该功能。,,\,
,,"engineConfig.advancedConfig.put(""auxiliary_delay_mode"", ""xxx"")",设置伴奏对齐延时模式,设置伴奏对齐延时模式,,mode,"播放器在解码数据后，会将解码后的数据分别混入本地播放的数据和即将推流的数据（包含人声）中。在唱歌场景，用户是根据听到的内容进行演唱的，由于系统的采集和渲染存在延时，此时用户听到的内容和引擎实际提供的内容存在一定的时间误差。同理采集也是类似的，系统采集到的内容和用户实际唱的存在一定的误差。如果不做任何的纠正，即使演唱端节奏是完成正确的，观众端也会体验到人声和伴奏对不齐到情况，具体差异程度根据手机的采集渲染延迟有关。
引擎利用回声消除线性拟合的逻辑，可以估算出设备的采集渲染延迟。然后在播放器混入声音的时候，偏移采集渲染延时后才进行混入，就能保证人声和伴奏的对齐。

1、使用 ZEGO 播放器播放音乐，用户跟唱的场景都建议使用自适应策略。如实时 KTV，单唱，抢唱等。
⚠️注意：该配置只影响计算延时的策略，默认是固定偏移值（本地有固定值，可以通过云控修改）；可以修改成自适应模式，会根据回声消除算法估算的采集渲染延迟作为偏移值。然后播放器混音偏移和合唱场景人声偏移都会使用该偏移值。",对齐延时模式,人声伴奏对齐,0（自适应模式）/1（固定模式）,,1（固定模式）,,,0,0,0,0,0,0,,,\,
,,"engineConfig.advancedConfig.put(""ktv_adapt_device_delay"", ""xxx"")",主路推流时间戳偏移设备采集播放开关,主路推流时戳偏移设备采集播放延迟开关,,true/false,"原理跟《设置伴奏对齐延时模式》类似，但是在合唱场景，人声和伴奏是分开两路流的，并且合唱用户也需要跟伴奏流对齐。由于合唱场景中，我们认为唱歌用户本地伴奏同一时刻解码的内容是一致的，假设所有合唱用户都推伴奏流，那么他们推的内容理论上是一致的，即这种假设下合唱用户推的伴奏流跟领唱者推伴奏流是没有差异的（主要指推的内容和对于的时间戳）。基于上面的假设，我们可以推导出，合唱用户的人声流和领唱用户的伴奏流时间戳是可以对比的。在 KTV 场景，拉流端（包括混流端）会对所有能对齐的流（领唱者的人声流，伴奏流，合唱用户的人声流）根据流的时间戳进行对齐。此时只需要对所有人声流进行采集渲染延迟的偏移，就能是对齐后的内容是人声伴奏对齐的。
在实时合唱场景中，必须要打开该配置。",开关,人声伴奏对齐,开/关,,关,,,"""true""","""true""","""true""","""true""","""true""","""true""",,,\,
,,"engineConfig.advancedConfig.put(""when_to_use_low_precision_network_time"", ""xxx"")",设置NTP同步超时时间,设置 NTP 同步超时时间,,int,"多流对齐的基本要求是每条流的时间戳都是基于同一个时间基准的，基于这个要求，当推流是指定 publisherConfig.forceSynchronousNetworkTime 为1时，SDK 内部会先同步好 NTP 时间，再进行推流。虽然内部做了多套容灾策略尽量保障 NTP 时间的获取成功，但是还是存在极少数 case，如路由器不允许访问 NTP 服务等情况，导致 NTP 不能正常获取。
1、部分客户期望牺牲对齐体验来换取正常的推流，那么可以设置该值。（当超过指定时间获取不到 NTP 时间，那么会降级通过其他策略获取时间。策略如下：NTP -> 柔性配置的 NTP 时间 -> 本地时间）",NTP 同步超时时间(ms),多流对齐,0/5000~60000,,0（不超时）,,,10000,10000,10000,10000,10000,10000,,,\,
,,"engineConfig.advancedConfig.put(""emulation_prevention_byte"", ""xxx"")",SEI 防竞争处理,"开启 sei 防竞争处理
",,true/false,"H.264规定，当检测到 0x000000 时，也可以表示当前 NALU 的结束；当检测到 0x000001 时，表示当前 NALU 开始。由于 SEI 也是 NALU 的一部分因此，如果 SEI 内包含了 0x000000、0x000001 等内容，则就会导致 NALU 异常；另外0x000002 是作为保留使用，而 0x000003，则是为了防止 NALU 内部，原本就有序列为 0x000003 这样的数据。因此，防竞争操作就是调用 sendSEI 接口以后，SDK 内部会确保 SEI 能正常发送，会针对 payload type = 5 或者 243（Express 当前 type）的 SEI 内容遍历一次，替换 0x000000、0x000001、0x000002、0x000003 四种特殊内容，同时接收端收到 SEI 后，进行还原处理。

⚠️使用注意事项：
1. 必须保证 SEI 的发送和接收端这个配置的值是一致，否则会存在解析异常。（如发送端开启这个功能，但是接收端没有开启，那么接收端会认为防竞争码是正常的数据直接回调给外部）
2. 要新业务或者之前没有发送过 sei 的情况下，才能设置
",开关,兼容性,开/关,,关,,,"""true""","""true""","""true""","""true""","""true""","""true""",规避其他业务场景的潜在冲突,,"1. 此前没有给过客户该配置
 2. 客户当前appid 下没有sei 的使用历史",
,,"engineConfig.advancedConfig.put(""music_detection_mode"", ""xxx"")",音乐检测模式,音乐检测模式,,mode,"对于 3.10.0 及以后的版本，更推荐用该config。

是 enable_music_detection 的进阶版本；新版本的音乐检测模块，一共影响 3 个能力，ANS、AGC、VAD（实际上 DTX 也会受到影响）
mode = 0
此时等于关闭音乐检测
mode = 1，音乐检测不与降噪模式挂钩
即，此时音乐检测仅影响 AGC 与 VAD，不会修改 ANS 相关配置
mode = 2
此时音乐检测除 AGC、VAD以外，将额外影响 ANS，适用于音乐场景
即，当引擎检测到音乐时，将会临时关闭 AGC，同时 VAD 将会把音乐判断为人声，从而不会发送静音帧，确保音乐表现正常

另外：自 Express 3.10 以后，enable_music_detection=true 实际等于 music_detection_mode=2，但是引擎更推荐使用 music_detection_mode

且需要注意的是，SDK 强制该 Config 在 createEngine 之前设置

关于为什么修改 VAD 就能影响 DTX，可以参考文档：
enableDTX、enableVAD接口的使用
",检测模式,音质,0/1/2,,0,,,2,2,2,2,2,2,,,\,
,,"engineConfig.advancedConfig.put(""jitter_level_compensation"", ""xxx"")",水位补偿开关,水位补偿开关,,true/false,"默认情况下
为了尽快显示音频首帧，拉到音频数据就会直接播放。
VRS（RTC 媒体服务）是不会对音频数据进行缓存策略的。
引擎在音频数据没有达到 minBufferLevel 时，默认策略是通过慢放来累积数据，直到满足 minBufferLevel 后才回复正常播放。
因此，当设置minBufferLevel 到一定值后，如 300ms，一开始拉流由于音频水位没有到 minBufferLevel，所以会出现先慢放后正常播放器的情况。
 
为了解决上面问题，可以打开这个 Config，此时引擎会填充固定长度的静音帧，来缓解慢放的效果。
当 minBufferLevel 小于等于 200ms 时，引擎是不会填充静音帧数据。
当 minBufferLevel 大于 200ms 时，小于 550ms 时，引擎会填充 minBufferLevel - 50 的静音帧。
当 minBufferLevel 大于等于 550ms 时，引擎会填充固定的 500ms 的静音帧。
⚠️ 使用注意事项：
该配置由于填充了静音帧，所以不会影响音频首帧耗时的统计，但是会影响实际听觉的音频首帧。",开关,体验,开/关,,关,,,"""true""","""true""","""true""","""true""","""true""","""true""",,,\,
,,"engineConfig.advancedConfig.put(""audio_capture_dummy"", ""xxx"")",音频设备采集补静音帧开关,音频设备采集补静音帧开关,,true/false,"仅 Android、iOS 有效
默认情况下，只要采集模块没有工作，那么就不会产生音频数据给到后续步骤，此时会导致某些功能异常，如混音、AudioSideInfo 等功能。
什么情况下会导致采集模块不工作呢？
- 【Android】
 1. 没有授予麦克风权限
 2. enableAudioCaptureDevice false
 3. 设备异常
- 【iOS】
 1. enableAudioCaptureDevice false
 2. 设备异常
打开这个 Config 后，enableAudioCaptureDevice false 以及设备异常时，会触发假采集驱动静音帧数据的产生，保证依赖音频数据的功能能正常工作。
1. 当客户使用了依赖音频数据的相关功能时，如 混音、AudioSideInfo 等功能，并且存在 enableAudioCaptureDevice false 行为，可以打开这个配置，此时推荐连 start_dummy_no_permission=true 配置也一起打开。

⚠️使用注意事项：
开启 audio_capture_dummy=true 后，如果 Android 没有授予麦克风使用权限，是不会触发假采集逻辑。iOS 在没有权限的情况下，系统会直接返回静音帧数据，不需要触发假采集逻辑。",开关,体验,开/关,,关,,,"""true""","""true""","""true""","""true""","""true""","""true""",在采集设备被打断时能正常采集静音帧数据,,\,
,,"engineConfig.advancedConfig.put(""bypass_audio_capture_preset_eq"", ""xxx"")",Android 关闭音频采集默认EQ,Android音频采集默认EQ开关,,true/false,"仅 Android 有效
针对 Android 手机，引擎认为其内置麦克风采集的声音质量一般，固添加了一个固定的 EQ 配置，主要是高频信号偏差，对采集的高频信号进行调整处理。这里仅对内容中麦克风采集的内容生效，如带耳机后，这个 EQ 将不会生效。
1. 当客户觉得这个 EQ 的效果不佳或者存在模拟器的场景的情况下（模拟器上，即使是声卡输出，识别的还是内置麦克风输入，所以此时默认 EQ 将会生效），需要主动打开这个 Config，避开默认的 EQ 处理。",开关,音质,开/关,,关,\,Android模拟器+声卡,"""true""",\,"""true""",\,\,\,如果业务上无法明确区分是否模拟器，那么不需要配置这两项配置,,,
,,"engineConfig.advancedConfig.put(""allow_capture_stereo_when_speaker_route"", ""xxx"")",Android Speaker模式下双声道采集开关,Android Speaker模式下双声道采集开关,,true/false,"仅 Android 有效。
默认情况下，Android 即使通过 setAudioCaptureStereoMode stereo 指定为双声道采集，实际上在非 USB_XXX 路由情况下，前处理输出的也仅是单声道。
这里因为在非 USB_XXX 路由情况下，仅Speaker 路由才支持双声道采集，但是这个路由下，双声道采集效果是一般的，同时引擎也基于这个 Speaker 路由的双声道采集能力做了 AEC 效果优化，这个优化在仅处理单声道效果下得到最优值。因此引擎会在 Speaker 路由情况下，默认前处理仅处理并输出单声道结果。
但是针对 Android 使用模拟器场景，即使 PC 接入声道，但是 Android 模拟器是不会存在任何路由变化的，还是保持在之前默认的 Speaker 路由上。此时采集是存在明显的双声道效果的。为了能让输出的音质效果达到最优，此时可以打开这个 Config。
1. 针对有模拟器+声卡结合使用的场景，或者希望 Speaker 模式下也需要有明显的双声道效果的，可以打开这个配置。",开关,音质,开/关,,关,\,Android模拟器+声卡,"""true""",\,"""true""",\,\,\,,,,
,,"engineConfig.advancedConfig.put(""enable_dtx"", ""xxx"")",DTX开关,离散静音帧开关,,true/false,,开关,省流,开/关,,关,,,"""true""","""true""","""true""","""true""","""true""","""true""",线上配置，同步配置,,,
创建引擎,createEngine,,设置SDK初始化场景模式,场景模式,,scenario,"具体配置参考
参考文档：场景化profile
https://doc.weixin.qq.com/sheet/e3_Ad4ADAYPAGs3ykXu54iSnGRaJmiG1?scode=AGUAdAcQAAkaOcK6zjADIA3AbtAPM&tab=aab64b",场景模式,音质,Broadcast/StandardVideoCall/HighQualityVideoCall,,Default,,,General,General,General,General,General,General,,,\,
视频功能,enableCamera,,初始摄像头开关,摄像头开关,,enable,"音视频 SDK，在预览、推流、以主播角色启动引擎等时候，会默认打开摄像头。
iOS 在没有关闭摄像头的情况下，执行预览或者开始推流等操作，会主动弹窗向用户申请权限。

1、当客户场景只是纯音频的，都需要主动关闭摄像头功能，避免在用户无感知的情况下打开摄像头导致的隐私泄漏问题。
2、当客户默认以纯音频形式推流，过程中可以打开摄像头，此时在登录房间的时候也需要主动关闭摄像头功能。",开关,隐私,开/关,,开,,,FALSE,FALSE,FALSE,FALSE,FALSE,FALSE,,,\,
音频功能,callExperimentalAPI,"""{\""method\"": \""liveroom.audio.set_device_latency_mode\"", \""params\"":{\""mode\"":%d}}",设备低延时模式,Android 音频设备低延迟开关,,status,"默认情况下，为了保证通话质量，引擎在使用音频采集&渲染设备的时候，会选择兼容性比较高的 API，如 AudioRecord 等，但是这类型 API 会存在延迟比较高的问题，因此提供了能力去指定使用低延迟的采集&渲染 API，如 Aaudio，缺点是兼容性比较差。
Android 音频设备低延迟模式，在老版本是通过 ""ultra_low_latency"" Config 进行控制的，但是这里会存在两个问题：
a. ""ultra_low_latency"" Config 仅能在启动引擎之前设置。针对有些场景，如实时合唱等，会存在需要在低延迟和非低延迟之前切回，才能有更好的兼容效果
b. ""ultra_low_latency"" Config 还会影响音频 Jitter 的调整策略，使之变化更加激进。这个在部分场景来说是不需要的，如非实时 KTV 场景。
因此引擎在新版本支持这个实验性 API，这个 API 支持在启动引擎过程中，切换低延迟和非低延迟采集&渲染 API 策略。
默认值为 -1，表示根据 ""ultra_low_latency"" Config 决定是否使用低延迟 API。0 表示不使用低延迟 API，1 表示会尝试使用低延迟 API。当设置成 0 和 1 时，将会忽略 ""ultra_low_latency"" Config。
1. 当实时合唱场景，需要使用这个 API 进行 Android 低延迟和非低延迟采集&渲染 API 策略。合唱用户需要指定为 1，要求使用低延迟采集&渲染 API 策略，非合唱用户需要指定为 0，要求使用非低延迟采集&渲染 API 策略。
2. 当部分场景，需要有较高的耳返延迟要求，如本地录唱场景，或者非实时 KTV 场景等。此时唱歌用户需要指定为 1，要求使用低延迟采集&渲染 API 策略，非唱歌用户需要指定为 0，要求使用非低延迟采集&渲染 API 策略。
⚠️ 使用注意事项：
虽然内部已经做了多年的兼容性处理，但是没法避免个别系统没有兼容到或者新版本系统更新导致的新的不兼容问题，所以除非对延迟有较高的要求，否则不推荐打开这个配置。",状态,耳返延迟/端到端延迟/兼容性,-1（默认，根据 ultra_low_latency Config 指定决定是否使用低延迟 API）/0（关）/1（开）,,0,,,2,\,0,\,0,\,,,\,
,"setAudioCaptureStereoMode
",,设置音频采集双声道模式,设置音频采集双声道模式,,mode,"默认情况下，引擎是单声道采集的。这里的单声道可能有两种情况：一、要求系统提供的内容就是单声道的（除 Android）。二、要求系统提供的内容是双声道的，但是只取其中一个声道的内容（Android，这个是对软件 AEC 的一种优化策略）。

1、当设备支持双声道的情况下，然后希望采集到的内容是双声道的，可以打开该功能。如外接声卡，或者 ASMR 设备。
2、使用该配置后，需要配套的设置编码声道数为2，否则无实际意义（采集双声道，编码单声道，最终观众听到的效果还是单声道）
⚠️注意：由于该配置只能在启动引擎的之前设置，所以一旦打开，不管什么情况下，都要求系统使用双声道采集（如果系统支持双声道采集，那么会返回两个内容不一样的声道数据，如果系统不支持双声道采集，那么会返回两个内容一样的声道数据）。Android 例外，为了保证 Android 端软件回声消除自适应声道采集优化的功能的正常运作，设置了该配置，Android 只会在外接设备的情况下才会使用双声道采集（因为没有外接设备，Android 设备的双声道效果是一般的，只有轻微的大小差异感觉，没有很明显的方向感觉）。",采集双声道模式,音质,None/Always,,None,,,Always,\,\,\,\,\,在业务可以明确分辨声卡的前提下配置该接口,,\,
,setAudioDeviceMode,,设置音频设备模式,音频设备模式设置,,mode,"该模式只有移动端有，主要的作用是控制麦上麦下连麦过程这三个场景下的音量模式和麦克风占用情况。详情见表格：https://doc.weixin.qq.com/sheet/e3_m_FrpBjxTDElcN?scode=AGUAdAcQAAkl2oZzHmAKUAIQbwAPA
音量模式：区分通话音量模式和媒体音量模式两种。通话音量模式音量不能调节成0，而媒体音量模式音量能调节成0。在通话音量模式下进行采集，说明此时系统 3A 功能是启动状态的；在媒体音量模式下进行采集，说明此时系统 3A 功能是关闭状态的。
当 iOS 系统 3A 功能在工作中，会对第三方播放器播放的音乐进行抑制。声音大概只有原来的10%～20%左右。

该功能现在支持中途修改。
AudioDeviceMode 在选择的使用，需要考虑的点：（主要关心音质、是否需要回采第三方播放器播放的内容、是否占用麦克风）
- ⾳质：如果对采集⾳质有⼀定要求的，如 KTV 场景，不能使用系统的 3A 功能，因为系统的 3A 功能对⾳质的损伤是⽐较明显的。如果仅需保证通话的质量，那么是推荐使用系统的 3A 功能。如语聊场景和实时通话场景。
- 性能：软件前处理是使⽤ CPU 处理的，性能占用还是不能忽略的。如果对性能有要求，如游戏开⿊场景或者虚拟世界的通话场景，推荐使⽤系统 3A 功能。
- 是否能将声⾳调节成0：正常场景，都希望⽤户能将声⾳调节成 0 的，除了教育场景（避免学⽣由于之前的误操作导致的系统⾳量为0⽽听不到声⾳的情况。）
- 是否占⽤⻨克⻛：如果没有上⻨就占有⻨克⻛，在产品⻆度，会认为这个是不合理的。这种情况下，就不能使⽤如 Com2 和 Gen3 等模式了。
- 是否频繁上下⻨：Android 通话⾳量和媒体⾳量的变化会导致当前播放的声⾳中断。iOS 也是⼀样的，但是 iOS 在占有⻨克⻛和释放⻨克⻛的时候，也会导致当前播放的声⾳中断。
- 是否需要使⽤第三⽅播放器播放声⾳：如果有，如教学场景，需要使⽤第三⽅播放器播放其他课件，此时声⾳是不能被抑制的，那么只能使⽤软件的前处理，但是这种情况下，就会有声⾳回采的问题，那么建议客户使⽤我们的播放器或者混⾳功能或者提供参考信号给我们进⾏回声消除
- 是否希望回采第三⽅播放器播放的内容：如果希望，只能使⽤软件的前处理，或者让客户使⽤我们的播放器或者混⾳功能。如果不希望，只能使⽤系统的前处理，或者让客户使⽤我们的播放器或者混⾳功能或者提供参考信号给我们进⾏回声消除。

一般常用的 AudioDeviceMode 有：Auto、General、General3、Communication2、Communication3。
秀场直播：Auto、General
KTV 场景：General
开黑语聊房：Communication2
普通语聊房、高音质语聊房：General
",音频设备模式,音质,Auto/General/General2/General3/Communication/Communication2/Communication3/Communication4,,看《createEngine》的 scenario 配置,,,General,General,General,General,General,General,K歌场景推荐General,,\,
,setAudioConfig,,设置音频编码格式,音频编码格式,,codeID,"- Default 根据 《createEngine》的 scenario 而取不同值。当 General、Live 的时候，为 Normal2；当 Communication 的时候，为 Low3。
- Normal HE-AAC
- Normal2 AAC-LC
- Normal3 MP3
- Low EVS
- Low2 SILK
- Low3 OPUS

一般情况下，我们只会使用 Normal、Normal2 和 Low3。下面简单描述3者的区别：
音质：Low3 在同等码率下，音质最优；在低码率（单声道64K以下，双声道128K以下）的情况下，Normal 音质比 Normal2 优；在高码率的情况下，Normal2 比 Normal 优。
兼容性：Low3 只支持私有协议 和 Web。Web 只支持 Low3。CDN 和小程序只支持 Normal 和 Normal2。Normal2 兼容性最好，有部分浏览器或者播放器不支持播放 Normal 格式的音频数据。
延迟：Low3 延迟最低，默认情况下视频端到端延迟为 200ms 左右。Normal2 延迟次之，默认情况下视频端到端延迟为 350ms 左右。Normal 延迟最高，默认情况下视频端到端延迟为 500ms 左右。（默认情况指的是不调整 jitterBuffer，即 《setPlayStreamBufferIntervalRange》 功能）
性能：Opus < Normal2 < Normal

1、当客户场景都是都走私有协议和 Web 的，使用 Low3。如语聊房、小班课、1V1聊天等。
2、当客户对连麦用户端到端延迟有极致的要求，只能使用 Low3。如实时 KTV。
3、当客户需要较低对码率，那么需要使用 Low3 或者 Normal（有 CDN 场景下）。
4、有 Web 的场景，建议使用 Low3
5、有 CDN 或小程序，但没有 Web 的场景，然后对连麦用户间端到端延迟没有很高对要求，建议使用 Normal2。
6、直推 CDN 必须使用 Normal 或者 Normal2。
7、当码率超过单声道64K或者双声道128K的情况，需要使用 Low3 或者 Normal2。
综合：需要使用 Low3 的就使用 Low3。Normal 和 Normal 的取舍，对音质和带宽成本都有要求的，只能使用 Normal。否则推荐使用 Normal2。",音频编码格式,推流音质,Default/Normal/Normal2/Normal3/Low/Low2/Low3,,Default,,,Low3,Low3,Low3,Low3,Low3,Low3,"1. 客户当前线上云控 3 套配置是 16（游戏）,48（语聊）,128（高音质），观众默认 48，下麦不需要主动修改码率，仅变成对应角色时修改对应码率即可
2. 辅路流配置仅合唱场景下需要配置",,"1. 没有小程序
 2. 有转推CDN用于内部音频审核",
,,,设置音频编码码率,音频编码码率配置,,bitrate,"码率越高，音质越好，但是相对的，带宽要求就要变高。如果保证通话，其实10+K的码率就满足的了。
所以一般情况下，不建议修改该值，除非是对音质有较高对要求，或者对带宽有苛刻的要求，才会修改该配置。

⚠️注意：下面的配置都是基于单声道编码配置下进行说明，如果为双声道，那么码率需要*2。
1、当需要高音质的，那么码率建议在 64K 或以上。如音乐场景。此时注意选择后 AudioCodeID
2、当对带宽有苛刻对要求，同时也仅需要保证通话质量，那么可以设置为 16K。如国外语聊房场景。",音频码率(kbps),音质,"Normal/Normal2:10-192k
Normal3:32-192k
Low:16.4/24.4/32/64k
Low2:8-16k
Low3:8-192k",,"Normal/Normal2:48k
Normal3:48k
Low:32k
Low2:16k
Low3:48k",,人声+伴奏，主路,128,128,48,48,\,\,,,\,
,,,设置音频编码码率,音频编码码率配置,,bitrate,"码率越高，音质越好，但是相对的，带宽要求就要变高。如果保证通话，其实10+K的码率就满足的了。
所以一般情况下，不建议修改该值，除非是对音质有较高对要求，或者对带宽有苛刻的要求，才会修改该配置。

⚠️注意：下面的配置都是基于单声道编码配置下进行说明，如果为双声道，那么码率需要*2。
1、当需要高音质的，那么码率建议在 64K 或以上。如音乐场景。此时注意选择后 AudioCodeID
2、当对带宽有苛刻对要求，同时也仅需要保证通话质量，那么可以设置为 16K。如国外语聊房场景。",音频码率(kbps),音质,"Normal/Normal2:10-192k
Normal3:32-192k
Low:16.4/24.4/32/64k
Low2:8-16k
Low3:8-192k",,"Normal/Normal2:48k
Normal3:48k
Low:32k
Low2:16k
Low3:48k",,人声，辅路流,128,128,\,\,\,\,,,\,
,,,设置音频编码声道数,音频编码声道数配置,,channel,"指定音频编码时的声道数量，当输入为单声道，编码输出为双声道时，那么会对输入的单声道内容进行拷贝，模拟成双声道。当输入为双声道，编码输出为单声道时，那么会对双声道输入的内容进行混音（mix）成单声道，然后进行单声道编码。
播放端统一都是使用双声道进行播放的。当拉流数据为单声道的情况，会对单声道的内容进行拷贝然后双声道播放。
音频码率是平均分配给双声道的，所以当输入是单声道时，编码输出双声道的情况，码率将要浪费在编同样的内容上。即 48K 码率对单声道内容编码成双声道，实际音质效果约等于 24K 码率对单声道内容编码成单声道。
因此当需要编码的内容并不是双声道的情况（两个声道不存在差异的），不建议使用双声道编码，这是一种浪费码率的行为。
编码内容可能是双声道的采集：一、声卡采集，此时需要打开《setAudioCaptureStereoMode》功能，否则采集内容是单声道。二、媒体播放器混音（当媒体播放器播放的内容是双声道的）。

1、当输入的内容是双声道的（两个声道是存在差异的），并且对输出音质要求较高的，此时才建议设置为双声道。此时对应的码率需要调节成之前基准的一倍。
2、其他场景建议为单声道。",声道数,音质,Mono/Stereo,,Mono,,人声+伴奏，主路,Stereo,Stereo,Mono,Mono,Mono,Mono,,,\,
,,,设置音频编码声道数,音频编码声道数配置,,channel,"指定音频编码时的声道数量，当输入为单声道，编码输出为双声道时，那么会对输入的单声道内容进行拷贝，模拟成双声道。当输入为双声道，编码输出为单声道时，那么会对双声道输入的内容进行混音（mix）成单声道，然后进行单声道编码。
播放端统一都是使用双声道进行播放的。当拉流数据为单声道的情况，会对单声道的内容进行拷贝然后双声道播放。
音频码率是平均分配给双声道的，所以当输入是单声道时，编码输出双声道的情况，码率将要浪费在编同样的内容上。即 48K 码率对单声道内容编码成双声道，实际音质效果约等于 24K 码率对单声道内容编码成单声道。
因此当需要编码的内容并不是双声道的情况（两个声道不存在差异的），不建议使用双声道编码，这是一种浪费码率的行为。
编码内容可能是双声道的采集：一、声卡采集，此时需要打开《setAudioCaptureStereoMode》功能，否则采集内容是单声道。二、媒体播放器混音（当媒体播放器播放的内容是双声道的）。

1、当输入的内容是双声道的（两个声道是存在差异的），并且对输出音质要求较高的，此时才建议设置为双声道。此时对应的码率需要调节成之前基准的一倍。
2、其他场景建议为单声道。",声道数,音质,Mono/Stereo,,Mono,,人声，辅路流,Mono,Mono,\,\,\,\,,,\,
,enableAGC,,音频采集AGC开关,音频采集自动增益开关,,enable,"默认情况下，麦克风采集的声音会根据系统或者采集API不一致而不一样。因此在调节声音的时候，A 手机的 100 采集音量和 B 手机的 100 采集音量可能会不一样。而 AGC 的作用就是将 A 手机和 B 手机的原始采集声音设置趋向目标值。
自动增益有两种策略：一、数字增益（PC端），通过调节系统的采集音量大小来达到放大和抑制的效果。二、模拟增益（移动端），通过对信号信息模拟的增益（乘以相关增益系数），来达到采集声音放大和抑制的效果。
为了避免声音突然变化过大，增益的过程一般需要耗时 1～5s。

1、一般不建议主动关闭该功能（引擎内部会根据情况启停该功能，当外部没有主动设置的情况）。
2、如果是唱歌场景，需要关闭该功能。该功能会使采集音量在一定的范围内，会导致高潮唱不上去的情况。
3、对于唱歌场景，如果客户需要比较简易的就能控制好采集和伴奏声音配比，那么可以打开 AGC 来将声音控制在比较固定的范围内。此时一般配合《agc_target_level》使用。

⚠️注意：在实时合唱场景，为了低延迟，Android会使用aaudio进行音频采集和渲染。由于Android厂商比较多，存在某些厂商 aaudio 采集声音偏小，因此需要主动打开agc 进行增益。",开关,音质,开/关,,开,,,TRUE,FALSE,TRUE,FALSE,TRUE,FALSE,,,\,
,setAECMode,,设置AEC模式,回音消除模式,,mode,"声音损伤情况：Aggressive > Medium > Soft
收敛耗时：Aggressive < Medium < Soft。收敛是确认采集的声音和参考信号偏移的过程，收敛过程越久，那么刚开始说话的时候，漏回声的概率就越高。
漏回声的概率：Aggressive < Medium < Soft。实测正常通过过程中，三种模式都不会出现漏回声的情况（除了在收敛过程中）。

1、不需要考虑音质的情况，建议使用默认 Aggressive，保证整个通话过程中无回声。如普通语聊房。
2、当有外放，然后外放声音较大的场景。需要使用 Soft。如 实时KTV 等音乐场景。
⚠️注意：上面说的音质，指的是双讲情况下的音质要求。如秀场直播场景，没有外放音乐的情况下，即使主播要求较高的音质效果，此时使用 Aggressive 也是没有问题的。因为此时没有满足双讲的场景，回声消除是不会起效的（没有参考信号）。然后这里也强调一下，双讲并不一定要有双端用户的存在，只有存在单端既采集又播放，那么就是双讲（麦克风会回采播放器播放的内容），如实时 KTV 场景，跟随伴奏唱歌的场景就是双讲场景。",回音消除模式,音质,Aggressive/Medium/Soft,,Aggressive,,音乐,Soft,Soft,Aggressive,Aggressive,\,\,,,\,
,setAECMode,,设置AEC模式,回音消除模式,,mode,,回音消除模式,音质,Aggressive/Medium/Soft,,Aggressive,,语聊,Aggressive,Aggressive,Aggressive,Aggressive,\,\,,,,
,setANSMode,,设置ANS模式,音频降噪模式,,mode,,音频降噪模式,音质,Aggressive/Medium/Soft,,Medium,,,Medium,Medium,Medium,Medium,\,\,,,,
,enableHeadphoneAEC,,插入耳机是否使用系统AEC开关,插入耳机是否使用系统回声消除,,enable,"在插入耳机的时候，是否需要使用系统的前处理（即通话音量模式）
false 表示不需要使用系统的前处理。即设置为 false 后，插入耳机只有一个效果，就是媒体音量。
true 表示当需要使用系统前处理的时候还是继续使用系统的前处理，不需要使用那么就不使用，按照 《AudioDeviceMode》 的指定。

1、对于要求音质的场景，都可以主动关闭该功能。",开关,音质,开/关,,关,开,,FALSE,FALSE,FALSE,FALSE,FALSE,FALSE,,,\,
,setPlayStreamBufferIntervalRange,,设置拉流播放缓存自适应调整区间下限,拉流播放缓存自适应调整的区间范围设置,,minBufferInterval,"为了抵抗推流端上行和拉流端下行网络抖动，拉流端一般都会对拉流的内容进行缓冲，然后播放。缓冲内容的大小一般会根据当前网络的情况进行自适应调整。
引擎为了保证通话质量，所以会尽量减少端到端延迟，其中的策略就是有比较激进的缓冲区大小的调整。即网络即使存在周期行的波动，如果周期不是很大的情况下，引擎也会及时调整缓冲区大小置较低的值。
这个策略对于纯通话场景来说，影响几乎是没有感知的。因为人说话是断续的，然后即使偶尔的网络波动，表现也仅仅是轻微的卡顿，不影响内容的理解。
但是对于音乐场景，由于音乐是持续播放的，当出现网络抖动的情况，就会导致音乐断续，继而音乐快放。这个体验是比较差的。

minBufferInterval：
1、对于音乐场景，需要区分角色和音频编码格式进行适当的调节。如麦上用户，OPUS 建议 minBufferInterval 设置为 350ms，HE-AAC 建议 minBufferInterval 设置为 200ms，AAC-LC 建议 minBufferInterval 设置为 300ms。麦下用户统一将 minBufferInterval 设置为 500ms ～ 1000ms 即可。
2、对于音频卡顿数据有较高要求的用户，也可以按照上面的配置进行调整。

maxBufferInterval：
1、对端到端延迟有很高要求的，此时需要调节 maxBufferInterval。如实时 KTV 场景下，合唱用户之间拉流需要设置为 30ms。
2、其他情况下，使用默认值 4000 即可。（0、-1、4000）",缓存自适应区间下限,抗弱网/端到端延迟,0～maxBufferInterval,,-1,,合唱时,0,0,300,300,500,500,,,\,
,,,设置拉流播放缓存自适应调整区间上限,,,maxBufferInterval,,缓存自适应区间上限,抗弱网/端到端延迟,minBufferInterval～4000,,-1,,,30,30,4000,4000,4000,4000,,,\,
,setPlayStreamBufferIntervalRange,,设置拉流播放缓存自适应调整区间下限,拉流播放缓存自适应调整的区间范围设置,,minBufferInterval,,缓存自适应区间下限,抗弱网/端到端延迟,0～maxBufferInterval,,-1,,单唱以及语聊,300,300,\,\,\,\,,,,
,,,设置拉流播放缓存自适应调整区间上限,,,maxBufferInterval,,缓存自适应区间上限,抗弱网/端到端延迟,minBufferInterval～4000,,-1,,,4000,4000,\,\,\,\,,,,
多流对齐,setStreamAlignmentProperty,,设置精准对齐属性,推流端精准对齐属性设置,,property,"默认情况下，推流时使用的时间戳时从开始推流瞬间开启从零计算。即不同的推流推流时间戳时无法进行对比的。而流对齐必须要保证流的时间戳是可以对齐的。这种情况下，就需要使用 ntp 时间作为推流的时间戳了。
推流时间戳必须在推流开始之前确认好，推流过程中无法进行重置，除非停止推流重新推流。而 ntp 时间是需要网络同步的，这个是耗时操作。那么对于推流时 ntp 时间还没有同步好的情况下，推流会滞后到同步 NTP 时间成功。虽然这个概率是很低的，因为 ntp 时间同步耗时极短，均值在 300ms 左右。

1、推流需要对齐的场景下，需要设置为 1。如实时 KTV 场景
--周超豪",对齐属性,多流对齐,1（开）/0（关）,,0,,,1,1,0,0,0,0,,,"1. 当前场景线上需要版本更新完成以后再放开，因此没有新旧版本兼容的考量
 2. 此前没有过类似能力",
,forceSynchronousNetworkTime,,设置推流时强同步网络时间,推流时强同步网络时间设置,,int,"默认情况下，推流时使用的时间戳时从开始推流瞬间开启从零计算。即不同的推流推流时间戳时无法进行对比的。而流对齐必须要保证流的时间戳是可以对齐的。这种情况下，就需要使用 ntp 时间作为推流的时间戳了。
推流时间戳必须在推流开始之前确认好，推流过程中无法进行重置，除非停止推流重新推流。而 ntp 时间是需要网络同步的，这个是耗时操作。那么对于推流时 ntp 时间还没有同步好的情况下，推流会滞后到同步 NTP 时间成功。虽然这个概率是很低的，因为 ntp 时间同步耗时极短，均值在 300ms 左右。

1、推流需要对齐的场景下，需要设置为 1。如实时 KTV 场景
",同步模式,多流对齐,1（同步）/ 0（不同步）,,0,,,1,1,0,0,0,0,,,\,
,setPlayStreamsAlignmentProperty,,设置拉流端对齐属性,拉流端对齐属性设置,,property,"对于 KTV 场景，为了尽量优化观众端的效果体验，拉流端客户对需要对齐的流进行对齐处理。
原理：拉流端对需要对齐的流进行缓冲处理，然后根据需要根据流的时间戳进行调度出帧，然后再进行混音输出给系统。
拉流端会根据推流时间戳进行比较判断，如果推流时间戳差值超过2s，则不会进行对齐处理，还是走默认拉流逻辑。因此，
推流端得需要开启推流精准对齐（流时间戳采用ntp时间）, 拉流端精准对齐才会生效。

1、实时合唱 KTV 场景，然后观众拉单流的场景，需要将该配置设置为 Try。",对齐属性,多流对齐,Try/None,,None,,,None,None,Try,Try,Try,Try,,,同 setStreamAlignmentProperty,
当前线上的三档配置：,,,,"因此本参数配置表的主要思路主要就是在语聊房参数和高音质参数之间切换
配合针对音乐的专属配置一起使用",,,,,,,,,,,,,,,,,,,,
"游戏房间
16k，mono，gen2，low3
aec 1
aec_level 1
agc 0
ans 0
ans_level 0
dtx 1
vad 1
min_jitter_level default
headphone_aec 1",,"语聊房
48k，mono，com2，low3
aec 1
aec_level 1
agc 0
ans 0
ans_level 0
dtx 1
vad 1
min_jitter_level 300
headphone_aec 1","高音质
128k，stereo，gen，low3
aec 1
aec_level 1
ans 0
ans_level 0
agc 0
dtx 1
vad 0
min_jitter_level default/200
headphone_aec default",,,,,,,,,,,,,,,,,,,,,
,,,,,,,,,,,,,,,,,,,,,,,,
,,,,,,,,,,,,,,,,,,,,,,,,
,,,,,,,,,,,,,,,,,,,,,,,,
,,,,,,,,,,,,,,,,,,,,,,,,
,,,,,,,,,,,,,,,,,,,,,,,,
,,,,,,,,,,,,,,,,,,,,,,,,
,,,,,,,,,,,,,,,,,,,,,,,,
,,,,,,,,,,,,,,,,,,,,,,,,
,,,,,,,,,,,,,,,,,,,,,,,,